escala,manifesto
17000217330,1517701439299
17000217330,1517701439302
17000217330,1517701442672
17000217330,1517701442559
17000217330,1517701445795
17000217330,1517701445965
17000217330,1517701436915
17000217330,1517701436923
17000217330,1517b01436647
17000232720,1517701454786
17000232720,1517701455065
17000232720,1517701455219
17000232720,1517701455766
17000232720,1517701456010
17000223306,1517701410762
17000232755,1517701434670
17000232755,1517701442508
17000232755,1517701442494
17000232755,1517701442486
17000232755,1517701442583
17000232755,1517701442532
17000232755,1517701442524
17000216288,1517701438896
17000216288,1517701438888
17000216288,1517701438829
17000216288,1517701438810
17000216288,1517701438802
17000216288,1517701438799
17000216288,1517701444071
17000216288,1517701444063
17000216288,1517701444055
17000216288,1517701444047
17000216288,1517701444080
17000216288,1517701433207
17000216288,1517701433193
17000216288,1517701433185
17000216288,1517701433177
17000216288,1517701433169
17000216288,1517701433150
17000216288,1517701436630
17000216288,1517701442770
17000216288,1517701461529
17000216288,1517701461537
17000216288,1517701461553
17000216288,1517701461545
17000216288,1517701437989
17000216288,1517701437717
17000216288,1517701437709
17000216288,1517701437695
17000216288,1517701437687
17000216288,1517701437679
17000216288,1517701447860
17000218205,1517701407745
17000218205,2117b01407736
17000218205,0717b01404467
17000225040,1517701440416
17000225040,1517701440513
17000221761,1517701411297
17000236629,1517701414849
17000232178,1517701440050
17000218159,1517701441714
17000218159,1517701452414
17000218159,1517701452406
17000218159,1517701452392
17000218159,1517701452376
17000218159,1517701452350
17000218159,1517701449081
17000218159,1517701449073
17000218159,1517701449065
17000218159,1517701449057
17000218159,1517701449049
17000218159,1517701450802
17000218159,1517701451779
17000218159,1517701451760
17000218159,1517701451752
17000218159,1517701451744
17000218159,1517701451736
17000218159,1517701451795
17000218159,1517701451787
17000218159,1517701452325
17000218159,1517701460786
17000218159,1517701460719
17000218159,1517701460700
17000218159,1517701460697
17000218159,1517701460689
17000218159,1517701460670
17000218159,1517701460662
17000218159,1517701460654
17000218159,1517701460646
17000218159,1517701460638
17000218159,1517701460620
17000172221,1517701460204
17000172221,1517701450292
17000172221,1517701450071
17000172221,1517701450063
17000172221,1517701450055
17000172221,1517701450047
17000172221,1517701450039
17000172221,1517701450020
17000172221,1517701450012
17000172221,1517701460387
17000172221,1517701459729
17000172221,1517701462355
17000172221,1517701398053
17000172221,1517701605318
17000172221,1517701605156
17000172221,1517701605148
17000172221,1517701605130
17000172221,1517701605121
17000172221,1517701605113
17000172221,1517701605105
17000172221,1517701605091
17000172221,1517701605083
17000172221,1517701605075
17000172221,1317b01436679
17000216210,1217b01408393
17000228995,1517701446996
17000214064,1517701291275
17000234910,1517b01457580
17000227921,1517701386020
17000223497,1517701450098
17000236904,1517701432138
17000192605,1517701464820
17000192605,1517701465796
17000192605,1517701470331
17000192605,1517701470323
17000192605,1517701470315
17000192605,1517701470307
17000192605,1517701466393
17000192605,1517701472687
17000192605,1517701472679
17000192605,1517701472660
17000192605,1517701472652
17000192605,1517701472644
17000192605,1517701473071
17000192605,1517701473063
17000192605,1517701476372
17000192605,1517701500168
17000192605,1517701605989
17000192605,1517701605890
17000192605,1517701605903
17000192605,1517701605938
17000192605,1517701605954
17000192605,1517701605962
17000192605,1517701605857
17000192605,1517701605865
17000192605,1517701605873
17000192605,1517701605881
17000192605,1517701605911
17000192605,1517701605920
17000192605,1517701605946
17000192605,1517701605970
17000172230,1817b01443022
17000224540,1517701384443
17000224540,1517701393876
17000224540,1517701395917
17000224540,1517701399734
17000224540,1517701399718
17000224540,1517701399696
17000224540,1517701402425
17000224540,1517701407630
17000224540,1517701407621
17000224540,1517701407672
17000224540,1517701407664
17000224540,1517701407656
17000224540,1517701407648
17000224540,1517701408610
17000224540,1517701408601
17000224540,1517701408598
17000224540,1517701408580
17000224540,1517701408571
17000224540,1517701411688
17000224540,1517701411670
17000224540,1517701411017
17000224540,1517701410991
17000224540,1517701410983
17000224540,1517701410738
17000224540,1517701410746
17000224540,1517701410770
17000224540,1517701411009
17000224540,1517701412862
17000224540,1517701412870
17000224540,1517701414660
17000224540,1517701414652
17000224540,1517701414644
17000224540,1517701414636
17000224540,1517701415080
17000224540,1517701415055
17000224540,1517701415047
17000224540,1517701415020
17000224540,1517701416540
17000224540,1517701416531
17000224540,1517701416523
17000224540,1517701416515
17000224540,1517701416507
17000224540,1517701377072
17000224540,1517701395909
17000224540,1517701404428
17000224540,1517701404495
17000224540,1517701404320
17000224540,1517701404134
17000205049,1517701476992
17000205049,1517701316669
17000205049,1517701460301
17000205049,1517701460298
17000205049,1517701460280
17000205049,1517701460522
17000205049,1517701460530
17000205049,1517701460514
17000205049,1517701460506
17000205049,1517701460492
17000205049,1517701460484
17000205049,1517701460328
17000205049,1517701460310
17000205049,1517701461251
17000205049,1517701461235
17000205049,1517701461197
17000205049,1517701459052
17000205049,1517701459044
17000205049,1517701459036
17000205049,1517701459028
17000205049,1517701459010
17000205049,1517701459001
17000205049,1517701466822
17000205049,1517701466814
17000205049,1517701466806
17000205049,1517701466792
17000205049,1517701466784
17000205049,1517701466989
17000205049,1517701466970
17000205049,1517701469481
17000205049,1517701469473
17000205049,1517701469465
17000205049,1517701469457
17000205049,1517701469449
17000205049,1517701470781
17000205049,1517701471222
17000205049,1517701471214
17000205049,1517701471206
17000205049,1517701473187
17000205049,1517701473179
17000205049,1517701473772
17000205049,1517701473705
17000205049,1517701473748
17000205049,1517701473721
17000205049,1517701472881
17000205049,1517701564670
17000205049,1517701564689
17000205049,1517701564697
17000205049,1517701564700
17000205049,1517701564867
17000205049,1517701564719
17000205049,1517701564727
17000205049,1517701564735
17000205049,1517701564921
17000205049,1517701564930
17000190190,1517701354900
17000218698,1517701454204
17000218698,1517701468833
17000218698,1517701467039
17000218698,1517701472962
17000218698,1517701466652
17000218078,1517701460794
17000218078,1517701460808
17000218078,1517701460816
17000218078,1517701460824
17000218078,1517701460832
17000218078,1517701460840
17000218078,1517701460859
17000218078,1517701460867
17000218078,1517701460875
17000218078,1517701460883
17000218078,1517701461081
17000218078,1517701461090
17000218078,1517701472059
17000218078,1517701472067
17000218078,1517701472075
17000218078,1517701472083
17000218078,1517701473136
17000218078,1517701473144
17000218078,1517701474728
17000218078,1517701476518
17000218078,1517701476526
17000218078,1517701476534
17000218078,1517701476542
17000218078,1517701476550
17000218078,1517701476569
17000218078,1517701476577
17000240367,1517701466350
17000240367,1517701466520
17000236050,1517701451361
17000236050,1517701450985
17000236050,1517701458382
17000236050,1517701458447
17000236050,1517701466938
17000236050,1517701466920
17000236050,1517b01457628
17000216270,1517701428033
17000216270,1517701426740
17000216270,1517701426731
17000221117,1817b01474980
17000214650,1517701345642
17000233654,1517701450101
17000224990,1517701448409
17000224990,1517701458692
17000224990,1517701516455
17000223691,1517701461774
17000223691,1517701461812
17000223691,1517701462657
17000223691,1517701473314
17000223691,1517701473322
17000223691,1517701473330
17000223691,1517701473349
17000223691,1517701473357
17000223691,1517701474477
17000223691,1517701474485
17000223691,1517701474493
17000223691,1517701474507
17000223691,1517701474515
17000223691,1517701474523
17000197186,1517701450390
17000197186,1517701450411
17000197186,1517701450438
17000197186,1517701450454
17000197186,1517701450470
17000197186,1517701450497
17000197186,1517701450519
17000197186,1517701455162
17000197186,1517701458501
17000197186,1517701464390
17000197186,1517701470463
17000197186,1517701470471
17000197186,1517701470480
17000197186,1517701470498
17000197186,1517701470501
17000197186,1517701470510
17000197186,1517701470358
17000197186,1517701470366
17000197186,1517701470374
17000197186,1517701470382
17000197186,1517701470390
17000197186,1517701470404
17000197186,1517701470412
17000197186,1517701472768
17000197186,1517701472750
17000197186,1517701472415
17000197186,1517701472407
17000197186,1517701473675
17000197186,1517701464382
17000197186,1517701450950
17000197186,1517701461790
17000197186,1517701461804
17000197186,1517701461820
17000197186,1517701461839
17000197186,1517701461766
17000197186,1517701461782
17000197186,1517701469279
17000197186,1517701468264
17000197186,1517701468116
17000197186,1517701468086
17000197186,1517701469376
17000197186,1517701469880
17000197186,1517701470870
17000197186,1517701470889
17000197186,1517701470897
17000197186,1517701470900
17000197186,1517701470919
17000197186,1517701470927
17000197186,1517701471230
17000197186,1517701471249
17000197186,1517701471257
17000197186,1517701471265
17000197186,1517701471273
17000197186,1517701474396
17000197186,1517701474388
17000197186,1517701474833
17000197186,1517701474841
17000197186,1517701474850
17000197186,1517701474868
17000197186,1517701474876
17000197186,1517701475007
17000197186,1517701475015
17000197186,1517701475023
17000197186,1517701475031
17000197186,1517701475040
17000197186,1517701475210
17000197186,1517701475228
17000197186,1517701477697
17000197186,1517701477700
17000197186,1517701467527
17000197186,1517701467578
17000197186,1517701507987
17000197186,1517701540046
17000242556,1517701450080
17000232739,1517701484499
17000234855,1517701374383
17000234855,1517701421217
17000226208,1517701456681
17000234340,1517701470188
17000234340,1517701470170
17000234340,1517701480477
17000234340,1517701484553
17000234340,1517701484545
17000234340,1517701484677
17000234340,1517701484987
17000234340,1517701487471
17000234340,1517701487455
17000234340,1517701487439
17000234340,1517701480540
17000234200,1517b01457644
17000234200,1717b01442038
17000227174,1517b01486229
17000237064,1517701482348
17000227093,1517701472253
17000227093,1517701485134
17000227093,1517701485339
17000233115,1517701472636
17000183304,1517701432650
17000183304,1517701485479
17000183304,1517701485487
17000183304,1517701494559
17000183304,1517701494575
17000183304,1517701494583
17000183304,1517701494605
17000183304,1517701494630
17000192117,1517701451043
17000192117,1517701467284
17000192117,1517701471508
17000192117,1517701473551
17000192117,1517701482380
17000192117,1817b01485469
17000237595,1517701468922
17000244583,1517701464110
17000192630,1517701465680
17000192630,1517701466342
17000192630,1517701482453
17000192630,1517701482445
17000192630,1517701482437
17000192630,1517701482429
17000192630,1517701482410
17000192630,1517701482534
17000192630,1517701482526
17000192630,1517701482518
17000192630,1517701482470
17000192630,1517701482461
17000192630,1517701481600
17000192630,1517701484995
17000192630,1517701485002
17000192630,1517701485029
17000192630,1517701485010
17000192630,1517701487102
17000192630,1517701487080
17000192630,1517701487064
17000192630,1517701487056
17000192630,1517701487099
17000192630,1517701487072
17000192630,1517701554551
17000192630,1517701554543
17000192630,1517701554535
17000192630,1517701554632
17000192630,1517701554586
17000192630,1517701554578
17000192630,1517701554560
17000218337,1517701477670
17000218337,1517701477689
17000218337,1517701477735
17000218337,1517701477662
17000218337,1517701450870
17000218337,1517701450896
17000218337,1517701450926
17000218337,1517701450934
17000218337,1517701462622
17000218337,1517701462665
17000218337,1517701463521
17000218337,1517701446961
17000218337,1517701447208
17000218337,1517701447330
17000218337,1517701447356
17000218337,1517701472261
17000218337,1517701472270
17000218337,1517701472148
17000218337,1517701472156
17000218337,1517701472164
17000218337,1517701472172
17000218337,1517701472180
17000218337,1517701472199
17000218337,1517701472202
17000218337,1517701472210
17000218337,1517701472229
17000218337,1517701472237
17000218337,1517701472245
17000218337,1517701473438
17000218337,1517701473446
17000218337,1517701473454
17000218337,1517701475180
17000218337,1517701475198
17000218337,1517701475201
17000218337,1517701467691
17000218337,1517701463289
17000218337,1517701463033
17000218337,1517701563925
17000218337,1517701563933
17000218337,1517701563941
17000218337,1517701563950
17000218337,1517701563968
17000205510,1517701478316
17000205510,1517701478286
17000205510,1517701478308
17000205510,1517701488494
17000205510,1517701486750
17000205510,1517701486742
17000205510,1517701486734
17000205510,1517701486726
17000205510,1517701486718
17000205510,1517701486866
17000240812,1517701428700
17000236530,1517701473080
17000233840,1517701470951
17000226852,1517701435544
17000226852,1517701424151
17000240030,1517701476402
17000240030,1517701476399
17000234154,1517701491576
17000234154,1517701496039
17000234154,1517701487404
17000234154,1517701493900
17000231449,1517701516480
17000231449,1517701480442
17000234960,1517701497108
17000234960,1517701497116
17000234960,1517701497124
17000234960,1517701497132
17000234960,1517701497159
17000234960,1517701490090
17000234960,1517701490081
17000234960,1517701490073
17000234960,1517701502985
17000234960,1517701505542
17000234960,1517701505534
17000234960,1517701505526
17000234960,1517701505518
17000234960,1517701505500
17000234960,1517701514630
17000234960,1517701514622
17000234960,1517701514614
17000234960,1517701514606
17000234960,1517701514592
17000234960,1517701514584
17000234960,1517701506050
17000234960,1517701506034
17000234960,1517701506042
17000234960,1517701506069
17000234960,1517701517532
17000234960,1517701517524
17000234960,1517701517516
17000234960,1517701517508
17000234960,1517701517494
17000234960,1517701517486
17000234960,1517701517478
17000234960,1517701517460
17000234960,1517701517451
17000234960,1517701517443
17000234960,1517701517567
17000234960,1517701517559
17000234960,1517701517540
17000234960,1517b01516071
17000234960,1517b01515911
17000234960,1517b01515890
17000243234,1817b01490225
17000243234,1517b01483084
17000221389,1517701510600
17000221389,1517701511003
17000221389,1517701510996
17000221389,1517701478200
17000221389,1517701504600
17000221389,1517701504570
17000221389,1517701504562
17000221389,1517701504554
17000221389,1517701517141
17000221389,1517701560799
17000221389,1517701560802
17000221389,1317b01491068
17000236165,1517701470684
17000218248,1517701521637
17000218248,1517701521629
17000218248,1517701521610
17000218248,1517701521602
17000218248,1517701521599
17000218248,1517701521580
17000218248,1517701477824
17000218248,1517701490065
17000218248,1517701490057
17000218248,1517701490049
17000218248,1517701497205
17000218248,1517701497191
17000218248,1517701497183
17000218248,1517701497175
17000218248,1517701494893
17000218248,1517701494885
17000218248,1517701494915
17000218248,1517701494907
17000218248,1517701494877
17000218248,1517701494567
17000218248,1517701497485
17000218248,1517701497477
17000218248,1517701497469
17000218248,1517701497450
17000218248,1517701497442
17000218248,1517701503302
17000218248,1517701503264
17000218248,1517701503256
17000218248,1517701503248
17000218248,1517701503230
17000218248,1517701503221
17000218248,1517701504040
17000218248,1517701503841
17000218248,1517701504031
17000218248,1517701503663
17000218248,1517701503655
17000218248,1517701503647
17000218248,1517701503639
17000218248,1517701504171
17000218248,1517b01497247
17000218248,1517b01497220
17000237510,1517701426740
17000237510,1517701426731
17000237510,1517701500273
17000237510,1517701500281
17000237510,1517701500290
17000237510,1517701500303
17000237510,1517701500311
17000237510,1517701500320
17000237510,1517701500338
17000237510,1517701516994
17000237510,1517701517001
17000237510,1517701517052
17000237510,1517701516900
17000237510,1517701516919
17000237510,1517701516927
17000237510,1517701516935
17000237510,1517701516943
17000237510,1517701516951
17000237510,1517701516960
17000237510,1517701516978
17000237510,1517701516986
17000237510,1517701523133
17000237510,1517701523141
17000237510,1517701523150
17000237510,1517701524393
17000237510,1517701524407
17000237510,1517701524415
17000237510,1517b01497379
17000192621,1517701535042
17000230493,1517701533619
17000230493,1517701506727
17000230493,1517701506751
17000230493,1517701514010
17000230493,1517701514029
17000230493,1517701518652
17000230493,1517701518539
17000230493,1517701520088
17000230493,1517701520100
17000230493,1517701520118
17000230493,1517701520126
17000230493,1517701520134
17000230493,1517701520142
17000230493,1517701520150
17000230493,1517701520169
17000230493,1517701520177
17000230493,1517701520185
17000230493,1517701520193
17000230493,1517701520207
17000230493,1517701520215
17000230493,1517701520223
17000230493,1517701523966
17000230493,1517701523974
17000230493,1517701523982
17000230493,1517701524652
17000230493,1517701524709
17000230493,1517701523516
17000230493,1517701530881
17000230493,1517701530890
17000230493,1517701530903
17000230493,1517701531705
17000230493,1517701518644
17000230493,1517701518571
17000230493,1517701518520
17000230493,1517701609283
17000230493,1517701609291
17000230493,1517701609305
17000230493,1517701609313
17000230493,1517701609321
17000230493,1517b01454270
17000230493,1517b01531542
17000226739,1517701394732
17000217403,1517701374227
17000217403,1517701374235
17000217403,1517701503043
17000217403,1517701503035
17000217403,1517701503027
17000217403,1517701503019
17000217403,1517701503000
17000217403,1517701502993
17000217403,1517701511119
17000217403,1517701511100
17000217403,1517701511070
17000217403,1517701511062
17000217403,1517701516200
17000217403,1517701516196
17000217403,1517701516188
17000217403,1517701516170
17000217403,1517701516161
17000217403,1517701516064
17000217403,1517701516056
17000217403,1517701516048
17000217403,1517701516030
17000217403,1517701516021
17000217403,1517701516013
17000217403,1517701516005
17000217403,1517701516625
17000217403,1517701516609
17000217403,1517701519551
17000217403,1517701519543
17000217403,1517701519535
17000217403,1517701519527
17000217403,1517701519519
17000217403,1517701521688
17000217403,1517701521670
17000217403,1517701521661
17000217403,1517701521653
17000217403,1517701521696
17000217403,1517701521920
17000217403,1517701522552
17000217403,1517701522617
17000217403,1517701522846
17000217403,1517701522838
17000217403,1517701522820
17000217403,1517701523540
17000217403,1517701523249
17000217403,1517701525462
17000217403,1517701527570
17000217403,1517701527538
17000217403,1517701527597
17000217403,1517701529956
17000217403,1517701534089
17000217403,1517701511143
17000217403,1517701511054
17000217403,1517701544939
17000217403,1517701574340
17000217403,1517701574358
17000217403,1517701574366
17000217403,1517701574374
17000217403,1517701574390
17000217403,1517701574404
17000217403,1517701574412
17000217403,1517701574420
17000242459,1517701500117
17000234260,1517b01516640
17000245830,1517701463017
17000242424,1517701473098
17000214749,1517701519306
17000214749,1517701519284
17000214749,1517701519268
17000214749,1517701523621
17000214749,1517701523605
17000214749,1517701523591
17000214749,1517701525241
17000214749,1517701525519
17000214749,1517701525500
17000214749,1517701525497
17000214749,1517701525489
17000214749,1517701527430
17000214749,1517701529069
17000214749,1517701529050
17000214749,1517701529557
17000214749,1517701529549
17000214749,1517701529077
17000214749,1517701533325
17000214749,1517701523613
17000214749,1517701500397
17000214749,1517701507294
17000214749,1517701514150
17000214749,1517701514169
17000214749,1517701513049
17000214749,1517701513030
17000214749,1517701513006
17000214749,1517701519314
17000214749,1517701528135
17000214749,1517701528127
17000214749,1517701528119
17000214749,1517701528100
17000214749,1517701528097
17000214749,1517701528860
17000214749,1517701528852
17000214749,1517701528844
17000214749,1517701528836
17000214749,1517701528828
17000214749,1517701534003
17000214749,1517701533996
17000214749,1517701533988
17000214749,1517701522102
17000214749,1517701522129
17000214749,1517701518750
17000214749,1517701519420
17000250311,1517701525101
17000248775,1517701486327
17000187547,1517701431271
17000250095,1517701526744
17000234030,1517b01532697
17000234030,1517b01532700
17000234030,0417b01535295
17000244605,1517701519381
17000216261,1517b01457598
17000216261,1217b01483573
17000245628,1517701500672
17000245628,1517701501733
17000245628,1517701528372
17000245628,1517701529620
17000245628,1517701529638
17000245628,1517701529646
17000245628,1517701529654
17000245628,1517701533171
17000245628,1517701533333
17000245628,1517701533066
17000245628,1517701533074
17000245628,1517701533082
17000245628,1517701533090
17000245628,1517701533104
17000245628,1517701533635
17000245628,1517701533627
17000249518,1517701530830
17000217977,1517701506433
17000217977,1517701524199
17000217977,1517701524660
17000217977,1517701524466
17000217977,1517701512468
17000217977,1517701517060
17000217977,1517701517079
17000217977,1517701517087
17000217977,1517701517095
17000217977,1517701517117
17000217977,1517701517125
17000217977,1517701518326
17000217977,1517701518334
17000217977,1517701518342
17000217977,1517701518482
17000217977,1517701523990
17000217977,1517701524008
17000217977,1517701524016
17000217977,1517701524024
17000217977,1517701524032
17000217977,1517701524040
17000217977,1517701524059
17000217977,1517701524067
17000217977,1517701525764
17000217977,1517701525772
17000217977,1517701526353
17000217977,1517701526361
17000217977,1517701526370
17000217977,1517701526752
17000217977,1517701527104
17000217977,1517701527074
17000217977,1517701527139
17000217977,1517701527678
17000217977,1517701527686
17000217977,1517701527694
17000217977,1517701527708
17000217977,1517701527716
17000217977,1517701529123
17000217977,1517701529131
17000217977,1517701529140
17000217977,1517701529158
17000217977,1517701529530
17000217977,1517701531551
17000217977,1517701531560
17000217977,1517701531578
17000217977,1517701531586
17000217977,1517701531594
17000217977,1517701531608
17000217977,1517701531616
17000217977,1517701531624
17000217977,1517701531632
17000217977,1517701531640
17000217977,1517701532140
17000217977,1517701532159
17000217977,1517701532167
17000217977,1517701532175
17000217977,1517701532183
17000217977,1517701532191
17000217977,1517701532205
17000217977,1517701532213
17000217977,1517701532221
17000217977,1517701532230
17000217977,1517701532248
17000217977,1517701532256
17000217977,1517701532957
17000217977,1517701534526
17000217977,1517701534534
17000217977,1517701534542
17000217977,1517701534550
17000217977,1517701534569
17000217977,1517701537657
17000217977,1517701538440
17000217977,1517701538548
17000217977,1517701537878
17000217977,1517701558840
17000217977,1517701525179
17000217977,1517701524946
17000217977,1517701524741
17000217977,1517701524172
17000206428,1817b01536101
17000194209,1517701544300
17000194209,1517701544297
17000244729,1517701531934
17000232151,1517701527350
17000212649,1517701521505
17000212649,1517701521513
17000212649,1517701540283
17000212649,1517701540275
17000212649,1517701540216
17000212649,1517701540208
17000212649,1517701540194
17000212649,1517701540186
17000212649,1517701540178
17000212649,1517701540160
17000212649,1517701540291
17000212649,1517701392179
17000212649,1517701491525
17000212649,1517701491568
17000212649,1517701491614
17000212649,1517701540399
17000212649,1517701540372
17000212649,1517701540364
17000212649,1517701540356
17000212649,1517701540348
17000212649,1517701540380
17000212649,1517701543843
17000212649,1517701543835
17000212649,1517701543940
17000212649,1517701544068
17000212649,1517701544041
17000212649,1517701544033
17000212649,1517701544025
17000212649,1517701544009
17000212649,1517701543991
17000212649,1517701543983
17000212649,1517701543975
17000212649,1517701543959
17000212649,1517701543932
17000212649,1517701543924
17000212649,1517701543894
17000212649,1517701543886
17000212649,1517701543860
17000212649,1517701543851
17000212649,1517701544017
17000212649,1517701544050
17000212649,1517701544076
17000212649,1517701543878
17000249550,1517701540054
17000221079,1517701533570
17000221079,1517701533600
17000221079,1517701533597
17000221079,1517701533589
17000221079,1517701455448
17000221079,1517701528780
17000221079,1517701528763
17000221079,1517701528771
17000221079,1517701528798
17000221079,1517701514061
17000221079,1517701514053
17000221079,1517701514045
17000221079,1517701516552
17000221079,1517701514088
17000221079,1517701515475
17000221079,1517701531136
17000221079,1517701531128
17000221079,1517701531667
17000221079,1517701532728
17000221079,1517701533260
17000221079,1517701533287
17000221079,1517701533279
17000221079,1517701514070
17000243986,1517b01516632
17000243986,1517b01550032
17000251024,1517701540534
17000251024,1517701540607
17000188098,1517701333792
17000188098,1517701333695
17000188098,1517701276373
17000188098,1517701525810
17000188098,1517701542510
17000188098,1517b01525836
17000188098,1817b01524529
17000245679,1517701538424
17000245679,1517701506352
17000245679,1517701510872
17000245679,1517701514479
17000245679,1517701514436
17000194144,1517701529115
17000194144,1517701529107
17000194144,1517701529093
17000194144,1517701529085
17000194144,1517701530296
17000194144,1517701530288
17000194144,1517701527767
17000194144,1517701527759
17000194144,1517701527740
17000194144,1517701527732
17000194144,1517701527724
17000194144,1517701534747
17000194144,1517701559324
17000194144,1517701559197
17000194144,1517701626153
17000194144,1517701626161
17000194144,1517701626188
17000194144,1517701629390
17000194144,1517701629250
17000194144,1517701629241
17000194144,1517701626790
17000194144,1517701626781
17000194144,1517701629233
17000194144,1517701689546
17000239504,1517701518687
17000226836,1517701462797
17000240340,1517701512883
17000240340,1517701554039
17000240340,1517701554020
17000240340,1517701554187
17000240340,1517701554098
17000255151,1517701559030
17000255151,1517701559022
17000255151,1517701559014
17000255151,1517701559006
17000255151,1517701558999
17000111761,1517700960351
17000111761,1517700987594
17000111761,1517700987586
17000111761,1517700987578
17000111761,1517700987560
17000111761,1517700987551
17000111761,1517700987918
17000111761,1517700987896
17000111761,1517700987888
17000111761,1517700993560
17000111761,1517700993551
17000111761,1517700993543
17000111761,1517700993535
17000111761,1517700993527
17000111761,1517700993748
17000111761,1517700993730
17000111761,1517700993721
17000111761,1517700993713
17000111761,1517700993705
17000111761,1517700995074
17000111761,1517700995651
17000111761,1517700987900
17000111761,1517700987870
17000111761,1517700996488
17000111761,1517700973305
17000111761,1517700976487
17000111761,1517700976479
17000111761,1517700976460
17000111761,1517700981065
17000111761,1517700981120
17000111761,1517700982061
17000111761,1517700982959
17000111761,1517700984617
17000111761,1517700984609
17000111761,1517700984595
17000111761,1517700984579
17000111761,1517700984560
17000111761,1517700987772
17000111761,1517700987764
17000111761,1517700987829
17000111761,1517700987810
17000111761,1517700987802
17000111761,1517700987799
17000111761,1517700987780
17000111761,1517700995570
17000111761,1517700995562
17000111761,1517700995546
17000111761,1517700990161
17000243978,1517701521084
17000243978,1517701521076
17000243978,1517701521068
17000243978,1517701524440
17000243978,1517701524431
17000243978,1517701524423
17000243978,1517701539781
17000243978,1517701539897
17000243978,1517701542588
17000243978,1517701542570
17000243978,1517701542561
17000243978,1517701542839
17000238249,1517701538416
17000238249,1517701538408
17000237560,1517701555833
17000237560,1517701555825
17000237560,1517701555817
17000237560,1517701555809
17000237560,1517701555795
17000237560,1517701556007
17000237560,1517701551064
17000237560,1517701551056
17000237560,1517701551048
17000237560,1517701551030
17000237560,1517701551021
17000237560,1517701551013
17000237560,1517701551005
17000237560,1517701550998
17000237560,1517701550980
17000237560,1517701553741
17000237560,1517701553733
17000237560,1517701553717
17000237560,1517701553709
17000237560,1517701553695
17000237560,1517701553679
17000237560,1517701551250
17000237560,1517701551269
17000237560,1517701552648
17000237560,1517701557011
17000237560,1517701557003
17000237560,1517701556961
17000237560,1517701559855
17000237560,1517701556996
17000237560,1517701556988
17000237560,1517701556970
17000237560,1517701558751
17000237560,1517b01565978
17000241673,1517701503779
17000232992,1517701451868
17000253469,1517701544343
17000259033,1517701552443
17000229932,1517701509114
17000243919,1517701544998
17000243919,1517701557321
17000243919,1517701557330
17000243919,1517701558310
17000243919,1517701552761
17000243919,1517701552770
17000243919,1517b01544440
17000251032,1517701525527
17000251032,1517701530270
17000251032,1517701530970
17000251032,1517701525381
17000251032,1517701531098
17000234294,1517701551315
17000234294,1517701551307
17000234294,1517701551323
17000234294,1517701551340
17000234294,1517701551331
17000234294,1517701553415
17000234294,1517701553474
17000234294,1517701553466
17000234294,1517701553458
17000234294,1517701553440
17000234294,1517701553431
17000234294,1517701553423
17000234294,1517701559936
17000234294,1517701564468
17000234294,1517701564450
17000234294,1517701564441
17000234294,1517701564433
17000234294,1517701564425
17000234294,1517701564417
17000234294,1517701569214
17000234294,1517701569206
17000234294,1517701569192
17000234294,1517701569184
17000234294,1517701569176
17000234294,1517701569168
17000234294,1517701569150
17000234294,1517701569141
17000234294,1517701569362
17000234294,1517701569354
17000234294,1517701569346
17000234294,1517701569338
17000234294,1517701577390
17000234294,1517701577314
17000234294,1517701577306
17000234294,1517701577292
17000234294,1517701577284
17000234294,1517701577276
17000234294,1517701577233
17000234294,1517701577225
17000234294,1517701577217
17000234294,1517701577209
17000234294,1517b01574055
17000234294,1517b01573890
17000234294,1517b01573652
17000252055,1517701567041
17000254945,1517701575931
17000254899,1517701562236
17000254465,1517701597544
17000225740,1517701544491
17000225740,1517701544505
17000225740,1517701547628
17000225740,1517701547636
17000225740,1517701527546
17000225740,1517701527554
17000225740,1517701527562
17000225740,1517701528062
17000225740,1517701545528
17000225740,1517701545935
17000225740,1517701545536
17000225740,1517701546419
17000225740,1517701547091
17000225740,1517701547105
17000225740,1517701547113
17000225740,1517701547121
17000225740,1517701547610
17000225740,1517701546427
17000225740,1517701546435
17000225740,1517701546443
17000228928,1517701547210
17000225775,1517701540011
17000225775,1517701565227
17000225775,1517701565243
17000225775,1517701565189
17000225775,1517701565170
17000225775,1517701565162
17000225775,1517701565138
17000225775,1517701567424
17000225775,1517701576121
17000225775,1517701576113
17000225775,1517701576105
17000225775,1517701576091
17000225775,1517701576083
17000225775,1517701576075
17000225775,1017b01557450
17000256956,1517701564077
17000256956,1517701564069
17000253523,1517701532507
17000250389,1517701493200
17000217365,1517701578159
17000217365,1517701578140
17000217365,1517701578132
17000217365,1517701578124
17000217365,1517701578116
17000217365,1517701581958
17000217365,1517701586321
17000217365,1517701436915
17000217365,1517701436923
17000217365,1517701554349
17000217365,1517701554322
17000217365,1517701554306
17000217365,1517701554292
17000217365,1517701554284
17000217365,1517701572584
17000217365,1517701572649
17000217365,1517701571901
17000217365,1517701571880
17000217365,1517701571871
17000217365,1517701571863
17000217365,1517701571855
17000217365,1517701571847
17000217365,1517701575877
17000217365,1517701575656
17000217365,1517701576385
17000217365,1517701576377
17000217365,1517701575770
17000217365,1517701575761
17000217365,1517701575516
17000217365,1517701575508
17000217365,1517701575494
17000217365,1517701575486
17000217365,1517701575478
17000217365,1517701575460
17000217365,1517701575451
17000217365,1517701577837
17000217365,1517701577829
17000217365,1517701560829
17000217365,1517701560810
17000217365,1517701581052
17000217365,1517701581044
17000217365,1517701581036
17000217365,1517701585848
17000217365,1517701585830
17000217365,1517701585821
17000217365,1517701586100
17000217365,1517701585740
17000217365,1517701585732
17000217365,1517701585724
17000217365,1517701586143
17000217365,1517701586135
17000217365,1517701586127
17000217365,1517701586119
17000217365,1517701586950
17000217365,1517701586836
17000217365,1517701586828
17000217365,1517701591880
17000217365,1517701592224
17000217365,1517701592216
17000217365,1517701593352
17000254805,1517701587794
17000254805,1517701586798
17000254805,1517701586216
17000260007,1517701577888
17000227212,1517701582148
17000227212,1517701582156
17000227212,1517701582164
17000227212,1517701582172
17000227212,1517701582180
17000227212,1517701588456
17000227212,1517701548403
17000227212,1517701548411
17000227212,1517701548420
17000227212,1517701548438
17000227212,1517701548446
17000227212,1517701548454
17000227212,1517701548462
17000227212,1517701577454
17000227212,1517701577462
17000227212,1517701577470
17000227212,1517701577489
17000227212,1517701577497
17000227212,1517701577500
17000227212,1517701577519
17000227212,1517701577527
17000227212,1517701577535
17000227212,1517701577543
17000227212,1517701577551
17000227212,1517701577560
17000236157,1517701570905
17000236157,1517701572843
17000236157,1517701573300
17000236157,1517701566495
17000236157,1517701566509
17000236157,1517701566371
17000236157,1517701566436
17000236157,1517701566428
17000236157,1517701566444
17000236157,1517701578108
17000236157,1517701583861
17000236157,1517701583870
17000236157,1517701583888
17000236157,1517701583896
17000236157,1517701583900
17000236157,1517701575630
17000236157,1517701590620
17000236157,1517701592283
17000236157,1517701592291
17000236157,1517701592305
17000236157,1517701592313
17000236157,1517701592321
17000236157,1517701592330
17000236157,1517701592348
17000236157,1517701592356
17000236157,1517701592364
17000236157,1517701591619
17000236157,1517701591627
17000236157,1517701591635
17000236157,1517701591643
17000236157,1517701591651
17000236157,1517701592844
17000236157,1517701593328
17000236157,1517701593336
17000236157,1517701593379
17000236157,1517701594642
17000236157,1517701579651
17000236157,1517701579635
17000236157,1517701579619
17000236157,1517701578175
17000236157,1317b01566033
17000253434,1517701523583
17000239474,1517701577446
17000239474,1517701577438
17000204930,1517701433649
17000235436,1517701581575
17000254627,1517b01559200
17000253310,1517701566681
17000253310,1517701566711
17000253310,1517701576903
17000253310,1517701576890
17000253310,1517701575567
17000253310,1517701579589
17000243722,1317b01589602
17000243722,0417b01589220
17000252845,1517701578272
17000252845,1517701578779
17000252845,1517701578310
17000252845,1517701578280
17000129687,1517701182760
17000129687,1517701182620
17000206584,1517701362717
17000194993,1517701255279
17000195051,1517701294835
17000200020,1517701299160
17000200020,1517701354188
17000208161,1517701361052
17000208161,1517701507847
17000208137,1517701280095
17000219058,1517701348919
17000200047,1517701361192
17000182197,1517701362296
17000195175,1517701368278
17000195175,1517701368367
17000233522,1517701462592
17000233522,1517701462630
17000241720,1517701455430
17000241665,1517701513570
17000253477,1517701590973
17000253477,1517701590981
17000253477,1517701590990
17000253477,1517701591007
17000253477,1517701591015
17000253477,1517701591023
17000253477,1517701592178
17000253477,1517701599806
17000253477,1517701584590
17000253477,1517701591430
17000253477,1517701591449
17000253477,1517701668930
17000253477,2117b01587440
17000255208,1517701591350
17000255208,1517701591341
17000255208,1517701590825
17000255208,1517701571812
17000255208,1517701571820
17000255208,1517701573173
17000255208,1517701571782
17000255208,1517701571790
17000255208,1517701571804
17000255208,1517701576610
17000255208,1517701576628
17000255208,1517701585856
17000255208,1517701589061
17000255208,1517701589096
17000255208,1517701589070
17000255208,1517701589088
17000255208,1517701593786
17000255208,1517701593794
17000255208,1517701593913
17000255208,1517701594391
17000255208,1517701594898
17000255208,1517701594901
17000255208,1517701594928
17000255208,1517701594847
17000255208,1517701594839
17000255232,1517701588030
17000262107,1517701571839
17000254783,1517701536235
17000104161,1517700664086
17000188128,1517701604605
17000218710,1517701514096
17000218710,1517701597307
17000218710,1517701606063
17000218710,1517701606071
17000218710,1517701606080
17000218710,1517701606110
17000217101,1517701576636
17000217101,1517701576601
17000217101,1517701591872
17000217101,1517701591090
17000217101,1517701580218
17000217101,1517701579643
17000217101,1517701579686
17000217101,1517701580730
17000217101,1517701581079
17000243854,1517b01588250
17000244079,1517701597676
17000244079,1517701597668
17000244079,1517701597650
17000244079,1517701589282
17000244079,1517701588367
17000244079,1517701598826
17000244079,1517701598842
17000244079,1517701602394
17000244079,1517701604672
17000244079,1517701604699
17000244079,1517701604680
17000231813,1517701542375
17000233867,1617b01447734
17000233905,1517701490014
17000233905,1517701490006
17000233905,1517701491029
17000233905,1517701491010
17000233905,1517701491002
17000233905,1517701490995
17000233905,1517701490987
17000233905,1517701490979
17000233905,1517701490960
17000233905,1517701494680
17000233905,1517701494672
17000233905,1517701494664
17000233905,1517701494656
17000233905,1517701494648
17000233905,1517701494621
17000233905,1517701501679
17000233905,1517701501652
17000233905,1517701501644
17000233905,1517701497590
17000233905,1517701497582
17000233905,1517701497574
17000233905,1517701506875
17000233905,1517701506867
17000233905,1517701506859
17000233905,1517701506840
17000233905,1517701506832
17000233905,1517701506824
17000233972,1517701475716
17000233972,1517b01475081
17000233972,2117b01476622
17000234421,1517701546346
17000234421,1517701546338
17000234421,1517701553962
17000234421,1517701553954
17000234421,1517701553938
17000234421,1517701553920
17000234421,1517701553911
17000234421,1517701555639
17000234421,1517701559995
17000234421,1517701559987
17000234421,1517701559979
17000234421,1517701559960
17000234421,1517701559413
17000234421,1517701559405
17000234421,1517701559391
17000234421,1517701575559
17000234421,1517701575540
17000234421,1517701575532
17000234421,1517701576059
17000234421,1517701576482
17000234421,1517701551358
17000234421,1517701589436
17000234421,1517701589444
17000234421,1517701589452
17000234421,1517701589460
17000234421,1517701589479
17000234421,1517701589487
17000234421,1517701589673
17000234421,1517701562490
17000234421,1517701562503
17000234421,1517701562511
17000234421,1517701562520
17000234421,1517b01558220
17000234421,1517b01558157
17000246268,1517701456690
17000243404,1517701583730
17000152760,1517700998138
17000258363,2117b01582015
17000258363,1517b01566397
17000239970,1517701574218
17000239970,1517701574200
17000239970,1517701574196
17000239970,1517701574188
17000239970,1517701574170
17000239970,1517701574161
17000239970,1517701574153
17000239970,1517701574145
17000239970,1517701575796
17000239970,1517701575788
17000239970,1517701575850
17000239970,1517701575842
17000239970,1517701575834
17000239970,1517701575826
17000239970,1517701575818
17000239970,1517701575800
17000239970,1517701577608
17000239970,1517701577594
17000239970,1517701577586
17000239970,1517701577578
17000239970,1517b01575736
17000239970,1517b01575680
17000239970,1017b01574231
17000249542,1517701535069
17000249542,1517701522684
17000249542,1517701522668
17000258509,1517701595983
17000258509,1517701595975
17000258509,1517701586151
17000255240,1517701574897
17000211162,1517701448786
17000211162,1517701448778
17000211162,1517701448760
17000211162,1517701448751
17000211162,1517701448743
17000211162,1517701448735
17000211162,1517701456614
17000211162,1517701456606
17000211162,1517701456592
17000211162,1517701456584
17000211162,1517701456630
17000211162,1517701456622
17000211162,1517701438608
17000211162,1517701438675
17000211162,1517701438667
17000211162,1517701438659
17000211162,1517701438640
17000211162,1517701438632
17000211162,1517701438616
17000211162,1517701441510
17000211162,1517701441501
17000211162,1517701441498
17000211162,1517701441480
17000211162,1517701441960
17000211162,1517701443784
17000211162,1517701443822
17000211162,1517701443814
17000211162,1517701443792
17000211162,1517701445434
17000211162,1517701446058
17000211162,1517701446040
17000211162,1517701446031
17000211162,1517701446023
17000211162,1517701445787
17000211162,1517701445779
17000211162,1517701445760
17000211162,1517701447186
17000211162,1517701443806
17000260040,1517701597463
17000234235,1517701594014
17000234235,1517701594022
17000234235,1517701594030
17000234235,1517701594049
17000234235,1517701594057
17000234235,1517701594413
17000234235,1517701594421
17000234235,1517701566380
17000234235,1517701570204
17000234235,1517701570212
17000234235,1517701575940
17000234235,1517701575958
17000234235,1517701575966
17000234235,1517701575974
17000234235,1517701575982
17000234235,1517701576008
17000234235,1517701576016
17000234235,1517701577691
17000234235,1517701577705
17000234235,1517701581923
17000234235,1517701581931
17000234235,1517701581940
17000234235,1517701583233
17000234235,1517701583136
17000234235,1517701583810
17000234235,1517701582423
17000234235,1517701582431
17000234235,1517701582440
17000234235,1517701582458
17000234235,1517701582466
17000234235,1517701582474
17000234235,1517701582482
17000234235,1517701585201
17000234235,1517701585210
17000234235,1517701585279
17000234235,1517701585520
17000234235,1517701586356
17000234235,1517701586364
17000234235,1517701586372
17000234235,1517701586399
17000234235,1517701586410
17000234235,1517701586801
17000234235,1517701586810
17000234235,1517701590833
17000234235,1517701591600
17000234235,1517701591910
17000234235,1517701591937
17000234235,1517701591953
17000234235,1517701591970
17000234235,1517701591996
17000234235,1517701592011
17000234235,1517701592038
17000234235,1517701592054
17000234235,1517701592070
17000234235,1517701592097
17000234235,1517701592100
17000234235,1517701592208
17000234235,1517701594243
17000234235,1517701594251
17000234235,1517701594278
17000234235,1517701594286
17000234235,1517701594294
17000234235,1517701594308
17000234235,1517701594316
17000234235,1517701594324
17000234235,1517701594332
17000234235,1517701594359
17000234235,1517701594367
17000234235,1517701594340
17000234235,1517701594260
17000234235,1517701597790
17000234235,1517701598745
17000234235,1517701584108
17000234235,1517701583772
17000234235,1517701583209
17000234235,1517701583217
17000234235,1517b01563894
17000264940,1517701607353
17000226178,1517701587840
17000250559,1517701604850
17000250559,1517701604842
17000250559,1517701604834
17000250559,1517701606047
17000250559,1517701606039
17000250559,1517701606020
17000250559,1517701606012
17000250559,1517701606004
17000250559,1517701605997
17000250559,1517701605636
17000250559,1517701605628
17000250559,1517701605610
17000250559,1517701605601
17000250559,1517701605598
17000225783,1517701555779
17000225783,1517701573220
17000225783,1517701573211
17000225783,1517701573190
17000225783,1517701575583
17000225783,1517701578183
17000225783,1517701579597
17000225783,1517701582814
17000225783,1517701582806
17000225783,1517701582792
17000225783,1517701586054
17000225783,1517701586046
17000225783,1517701586038
17000225783,1517701586020
17000225783,1517701586437
17000225783,1517701586739
17000225783,1517701586763
17000225783,1517701586755
17000225783,1517701586747
17000225783,1517701586402
17000225783,1517701586380
17000225783,1517701588804
17000225783,1517701587352
17000225783,1517701587344
17000225783,1517701587336
17000225783,1517701587328
17000225783,1517701587310
17000225783,1517701589720
17000225783,1517701589711
17000225783,1517701589703
17000225783,1517701589690
17000225783,1517701589681
17000225783,1517701591775
17000225783,1517701591767
17000225783,1517701591759
17000225783,1517701591740
17000225783,1517701593140
17000225783,1517701593263
17000225783,1517701593930
17000225783,1517701596289
17000225783,1517701582822
17000225783,1517701586461
17000225783,1517701579600
17000225783,1517701579627
17000248740,1517701523109
17000248740,1517701521270
17000258100,1517701598796
17000260694,1517701600316
17000257375,1517701618002
17000257375,1517701617995
17000257375,1517701617987
17000257375,1517701617960
17000257375,1517701617979
17000257375,1517701610567
17000257375,1517701610559
17000257375,1517701610370
17000257375,1517701610362
17000257375,1517701610354
17000257375,1517701610346
17000257375,1517701610338
17000257375,1517701610320
17000257375,1517701610311
17000257375,1517701615348
17000257375,1517701615330
17000257375,1517701615321
17000257375,1517701615313
17000257375,1517701615305
17000257375,1517701615216
17000257375,1517701613612
17000257375,1517701613620
17000257375,1517701618363
17000257375,1517701617332
17000257375,1517701617324
17000257375,1517701617316
17000257375,1517701617308
17000262000,1517701601614
17000254686,1517701614384
17000254686,1517701614376
17000254686,1517701614406
17000254686,1517701614392
17000254686,1517701625734
17000254686,1517701625637
17000254686,1517701625629
17000254686,1517701628377
17000254686,1517701628369
17000254686,1517701628580
17000254686,1517701628571
17000254686,1517701628563
17000254686,1517701628555
17000254686,1517701628547
17000254686,1517701628539
17000254686,1517701628520
17000254686,1517701631602
17000254686,1517701631599
17000254686,1517701631572
17000254686,1517701631580
17000254686,1517701637910
17000254686,1517701637902
17000254686,1517701637821
17000254686,1517701637813
17000254686,1517701637805
17000254686,1517701637791
17000254686,1517701637783
17000254686,1517701637775
17000254686,1517701637767
17000254686,1517701637759
17000247299,1517701567610
17000250788,1517701552656
17000226330,1217b01545811
17000259084,1517701590167
17000241967,1517701630576
17000264126,1817b01625988
17000211316,1517701635233
17000211316,1517701584035
17000211316,1517701584027
17000211316,1517701584019
17000211316,1517701584000
17000211316,1517701587085
17000211316,1517701587409
17000211316,1517701587425
17000211316,1517701589207
17000211316,1517701589193
17000211316,1517701589185
17000211316,1517701589177
17000211316,1517701589169
17000211316,1517701592232
17000211316,1517701595150
17000211316,1517701595371
17000211316,1517701595320
17000211316,1517701595304
17000211316,1517701595290
17000211316,1517701595274
17000211316,1517701595282
17000211316,1517701595266
17000211316,1517701595240
17000211316,1517701595215
17000211316,1517701595223
17000211316,1517701595169
17000211316,1517701595312
17000211316,1517701595258
17000211316,1517701595231
17000211316,1517701595207
17000211316,1517701595193
17000211316,1517701595185
17000211316,1517701595363
17000211316,1517701595177
17000211316,1517701601746
17000211316,1517701601738
17000211316,1517701601126
17000211316,1517701601100
17000211316,1517701601088
17000211316,1517701601770
17000211316,1517701601142
17000211316,1517701600260
17000211316,1517701600251
17000211316,1517701600243
17000211316,1517701601134
17000211316,1517701601118
17000211316,1517701601096
17000211316,1517701601754
17000211316,1517701601061
17000211316,1517701600235
17000211316,1517701600227
17000211316,1517701601053
17000211316,1517701601762
17000211316,1517701601070
17000211316,1517701600219
17000211316,1517701633940
17000211316,1517701633931
17000211316,1517701633923
17000211316,1517701633915
17000211316,1517701589150
17000255844,1517701609674
17000255844,1517701633281
17000255844,1817b01598751
17000255844,1517b01611201
17000255089,1517701611423
17000255089,1517701611504
17000252292,1517701641080
17000252292,1517701607256
17000252292,1517701618657
17000252292,1517701618819
17000252292,1517701620627
17000252292,1517701609500
17000252292,1517701609518
17000239938,1517701604800
17000239938,1517701604770
17000239938,1517701606225
17000239938,1517701606268
17000239938,1517701610257
17000239938,1517701610192
17000239938,1517701610184
17000239938,1517701610125
17000239938,1517701610664
17000239938,1517701580790
17000239938,1517701596815
17000239938,1517701596823
17000239938,1517701596807
17000239938,1517701606233
17000239938,1517701606241
17000239938,1517701606250
17000239938,1517701609895
17000239938,1517701609887
17000239938,1517701609879
17000239938,1517701609747
17000239938,1517701609739
17000239938,1517701609720
17000239938,1517701609712
17000239938,1517701609704
17000239938,1517701609690
17000239938,1517701610230
17000239938,1517701610222
17000239938,1517701610214
17000239938,1517701610206
17000239938,1517701610176
17000239938,1517701610168
17000239938,1517701610150
17000239938,1517701610141
17000239938,1517701610133
17000239938,1517701610117
17000239938,1517701610109
17000239938,1517701610249
17000239938,1517701610672
17000239938,1517701614970
17000239938,1517701632463
17000239938,1517701632455
17000239938,1517701632447
17000239938,1517701632439
17000239938,1517701632420
17000239938,1517701632412
17000243315,1517701432200
17000251440,1517701652839
17000243412,1517701624614
17000243412,1517701624606
17000243412,1517701624592
17000243412,1517701639697
17000243412,1517701639689
17000243412,1517701639670
17000243412,1517701639662
17000243412,1517701639654
17000243412,1517701613027
17000243412,1517701613019
17000243412,1517701613000
17000243412,1517701613949
17000243412,1517701613930
17000243412,1517701613973
17000243412,1517701613965
17000243412,1517701613957
17000243412,1517701614813
17000243412,1517701614791
17000243412,1517701614805
17000243412,1517701614848
17000243412,1517701614830
17000243412,1517701614821
17000243412,1517701622425
17000243412,1517701622417
17000243412,1517701622409
17000243412,1517701622395
17000243412,1517701622387
17000243412,1517701622379
17000243412,1517701625653
17000243412,1517701613850
17000243412,1517701613868
17000243412,1517701639646
17000243412,1517b01629445
17000234189,1517701647509
17000234189,1517701647495
17000234189,1517701647487
17000234189,1517701648017
17000234189,1517701648009
17000234189,1517701493900
17000234189,1517701634199
17000234189,1517701634180
17000234189,1517701632900
17000234189,1517701632897
17000234189,1517701632889
17000234189,1517701633095
17000234189,1517701633087
17000234189,1517701633079
17000234189,1517701633060
17000234189,1517701633052
17000234189,1517701636582
17000234189,1517701636574
17000234189,1517701636566
17000234189,1517701636558
17000234189,1517701636540
17000234189,1517701636531
17000234189,1517701636523
17000234189,1517701636515
17000234189,1517701636507
17000234189,1517701636493
17000234189,1517701636485
17000234189,1517701636477
17000234189,1517701637490
17000234189,1517701637481
17000234189,1517701637473
17000234189,1517701641039
17000234189,1517701643058
17000234189,1517701643040
17000234189,1517701643031
17000234189,1517701643074
17000234189,1517701645840
17000234189,1517701645816
17000234189,1517701645808
17000234189,1517701645794
17000234189,1517701645786
17000234189,1517701641136
17000234189,1517701643066
17000234189,1517701641101
17000234189,1517701645158
17000234189,1517701645042
17000234189,1517701647436
17000234189,1517701647428
17000234189,1517701651670
17000234189,1517701651662
17000234189,1517701651646
17000234189,1517701651654
17000234189,1517701644526
17000234189,1517701644593
17000258274,1517701651247
17000258274,2117b01640198
17000229746,1517701607000
17000267052,1517701596505
17000251067,1517701601649
17000257570,1517701620104
17000251890,1517701614767
17000251890,1517701638291
17000251890,1517701637937
17000251890,1517701637686
17000251890,1517701635934
17000251890,1517701635128
17000251890,1517701634628
17000251890,1517701634504
17000256468,1517701634539
17000262050,1517701559316
17000250605,1517701624754
17000250605,1517701624746
17000250605,1517701624738
17000250605,1517701645077
17000250605,1517701645085
17000250605,1517701645050
17000250605,1517701645069
17000250605,1517701645115
17000250605,1517701645123
17000250605,1517701645093
17000250605,1517701645107
17000250605,1517701649625
17000250605,1517701649633
17000250605,1517701649641
17000250605,1517701649650
17000250605,1517701649668
17000250605,1517701649676
17000250605,1517701649684
17000250605,1517701649692
17000250605,1517b01636247
17000250605,1517b01636280
17000250605,1517b01636352
17000225813,1517701598168
17000225813,1517701626455
17000225813,1517701626439
17000225813,1517701626404
17000225813,1517701626390
17000225813,1517701626382
17000225813,1517701615437
17000225813,1517701629861
17000225813,1517701637180
17000225813,1517701637198
17000225813,1517701637333
17000225813,1517701637341
17000225813,1517701637392
17000240456,1517701655056
17000240456,1517701654980
17000240456,1517701655021
17000240456,1517701654971
17000240456,1517701654998
17000252543,1517b01644320
17000252543,1817b01612975
17000244010,1517701628741
17000244010,1517701628750
17000244010,1517701628768
17000244010,1517701628776
17000244010,1517701628784
17000244010,1517701628792
17000244010,1517701628806
17000244010,1517701628814
17000244010,1517701638070
17000244010,1517701638089
17000244010,1517701638097
17000244010,1517701638100
17000244010,1517701638119
17000244010,1517701638127
17000244010,1517701638135
17000244010,1517701638240
17000244010,1517701638259
17000244010,1517701638267
17000244010,1517701638275
17000244010,1517701638283
17000244010,1517701646979
17000244010,1517701646987
17000244010,1517701646995
17000244010,1517701647002
17000244010,1517701647010
17000244010,1517701648041
17000269039,1517701617138
17000269039,1517701633648
17000269039,1517701633630
17000269039,1517701642698
17000269039,1517701642680
17000269039,1517701651573
17000269039,1517701652464
17000269039,1517701652456
17000269039,1517701651891
17000269039,1517701651883
17000269039,1517701651875
17000269039,1517701654530
17000269039,1517701627478
17000269039,1517701627745
17000269039,1517701635357
17000269039,1517701635349
17000269039,1517701635330
17000269039,1517701635322
17000269039,1517701635314
17000269039,1517701635187
17000269039,1517701635098
17000269039,1517701635900
17000269039,1517701632587
17000269039,1517701632579
17000269039,1517701632528
17000269039,1517701632501
17000269039,1517701639590
17000269039,1517701643228
17000269039,1517701647207
17000269039,1517701646952
17000269039,1517701646944
17000269039,1517701646936
17000269039,1517701646928
17000269039,1517701650593
17000269039,1517701650623
17000269039,1517701650615
17000269039,1517701650607
17000269039,1517701649277
17000269039,1517701652863
17000269039,1517701652847
17000269039,1517701639620
17000269039,1517701650674
17000269039,1517701642710
17000269039,1517701642701
17000269039,1517701636000
17000264266,1517701650488
17000264266,1517701650470
17000264266,1517b01651181
17000218345,1517701643961
17000218345,1517701651158
17000218345,1517701651131
17000218345,1517701651123
17000218345,1517701651115
17000218345,1517701656036
17000218345,1517701656044
17000218345,1517701656052
17000218345,1517701653398
17000218345,1517701656168
17000218345,1517701646103
17000218345,1517701649943
17000218345,1517701649510
17000218345,1517701649501
17000218345,1517701649498
17000218345,1517701649480
17000218345,1517701649471
17000218345,1517701654831
17000218345,1517701654823
17000218345,1517701654815
17000218345,1517701655706
17000218345,1517701655773
17000218345,1517701655749
17000218345,1517701655722
17000218345,1517701655757
17000218345,1517701655714
17000218345,1517701655730
17000218345,1517701655897
17000268970,1617b01656120
17000268970,2117b01649128
17000234715,1517701502861
17000234715,1517701502870
17000234715,1517701485118
17000234715,1517701485100
17000234715,1517701485096
17000234715,1517701485088
17000234715,1517701482739
17000234715,1517701505070
17000234715,1517701505062
17000234715,1517701505054
17000234715,1517701505046
17000234715,1517701549469
17000234715,1517701549477
17000234715,1517701550050
17000234715,1517701550068
17000234715,1517701812909
17000270053,1517701647525
17000233093,1517701633028
17000238419,1517701542367
17000238419,1517701542359
17000238419,1517701542340
17000238419,1517701544130
17000238419,1517701544211
17000238419,1517701544203
17000238419,1517701544181
17000238419,1517701544173
17000238419,1517701544165
17000238419,1517701544157
17000238419,1517701544122
17000238419,1517701544106
17000238419,1517701544092
17000238419,1517701544149
17000238419,1517701544190
17000238419,1517701560233
17000238419,1517701560217
17000238419,1517701559952
17000238419,1517701559944
17000238419,1517701575060
17000239865,1617b01485776
17000239865,1517b01458659
17000239865,1617b01648268
17000239946,1517701475708
17000239946,1517701475694
17000232640,1517701459940
17000232640,1517701459931
17000232640,1517701459923
17000232640,1517701459915
17000232640,1517701459133
17000232640,1517701459125
17000232640,1517701459117
17000232640,1517701459109
17000232640,1517701466873
17000232640,1517701466865
17000232640,1517701466857
17000232640,1517701466849
17000232640,1517701452180
17000232640,1517701452198
17000232640,1517701476291
17000232640,1517701452171
17000232640,1517701476267
17000232640,1517701452163
17000232640,1517b01450844
17000232640,1517b01450720
17000234804,1517701508487
17000234804,1517701508479
17000234804,1517701508460
17000234804,1517701508452
17000234804,1517701523508
17000234804,1517701523494
17000234804,1517701523486
17000234804,1517701523478
17000234804,1517701523460
17000234804,1517701534852
17000234804,1517701534860
17000234804,1517701534879
17000234804,1517701534887
17000234804,1517701534895
17000234804,1517701534909
17000234804,1517701534917
17000234804,1517701534925
17000273710,1517701623332
17000258657,1517701606969
17000258657,1517701606950
17000258657,1317b01650018
17000252519,1517701646510
17000252519,1517701646529
17000252519,1517701646537
17000252519,1517701646545
17000252519,1517701646553
17000252519,1517701652413
17000252519,1517701652421
17000252519,1517701652600
17000252519,1517701652618
17000252519,1517701654203
17000252519,1517701643384
17000252519,1517701651590
17000252519,1517701651603
17000252519,1517701651611
17000252519,1517701651620
17000252519,1517701652189
17000252519,1517701655340
17000252284,1517701650666
17000252284,1517701650658
17000252284,1517701650640
17000252284,1517701651107
17000252284,1517701633524
17000252284,1517701634288
17000252284,1517701633532
17000252284,1517701633516
17000252284,1517701633494
17000252284,1517701647932
17000252284,1517701647924
17000252284,1517701647940
17000252284,1517701649820
17000252284,1517701649811
17000252284,1517701654017
17000252284,1517701653983
17000252284,1517701654157
17000252284,1517701653975
17000252284,1517701653959
17000252284,1517701654009
17000252284,1517701653991
17000252284,1517701633508
17000262840,1517701663644
17000253787,1517701648882
17000253787,1517701648904
17000253787,1517701637465
17000253787,1517701637619
17000253787,1517701637678
17000253787,1517701610869
17000253787,1517701611164
17000253787,1517701611466
17000253787,1517701612730
17000253787,1517701647266
17000253787,1517701647274
17000253787,1517701647282
17000253787,1517701648483
17000253787,1517701648580
17000253787,1517701648653
17000253787,1517701648661
17000253787,1517701648670
17000253787,1517701651905
17000253787,1517701651913
17000253787,1517701651921
17000253787,1517701651930
17000253787,1517701651948
17000253787,1517701651956
17000253787,1517701651964
17000253787,1517701651972
17000253787,1517701651980
17000253787,1517701651999
17000253787,1517701652006
17000253787,1517701660130
17000253787,1517701660149
17000253787,1517701660157
17000253787,1517701660165
17000253787,1517701660173
17000253787,1517701635420
17000253787,1517701635993
17000253787,1517b01644312
17000241606,1517701506689
17000188381,1517701648378
17000188381,1517701666708
17000188381,1517701581761
17000188381,1517701663326
17000188381,1517701581796
17000266803,1517701667720
17000275233,1517701652936
17000257545,1517701665167
17000257545,1517701665159
17000257545,1517701665140
17000257545,1517701665604
17000257545,1517701665590
17000257545,1517701665582
17000257545,1517701666007
17000257545,1517701665990
17000257545,1517701665981
17000257545,1517701665922
17000257545,1517701665914
17000257545,1517701665906
17000257545,1517701665892
17000257545,1517701666546
17000257545,1517701665612
17000265165,1517701671639
17000250770,1517701648467
17000264185,1517701679370
17000264185,1517701679362
17000264185,1517701679354
17000264185,1517701679346
17000264185,1517701679338
17000264185,1517701674999
17000264185,1517701674875
17000264185,1517701674867
17000264185,1517701674859
17000264185,1517701674840
17000264185,1517701674832
17000264185,1517701674824
17000264185,1517701674816
17000264185,1517701675197
17000264185,1517701675189
17000264185,1517701675170
17000264185,1517701675162
17000264185,1517701675154
17000264185,1517701675146
17000264185,1517701680972
17000264185,1517701680964
17000264185,1517701674964
17000264185,1517701674956
17000264185,1517701674948
17000264185,1517701674930
17000264185,1517701681421
17000264185,1517701681413
17000264185,1517701684420
17000264185,1317b01684184
17000264185,1017b01684150
17000275144,1517701684358
17000266951,1517701647460
17000266951,1517701647452
17000266951,1517701660394
17000266951,1517701660670
17000266951,1517701663890
17000266951,1517701663881
17000266951,1517701663873
17000266951,1517701664721
17000266951,1517701664713
17000266951,1517701664624
17000266951,1517701664837
17000273826,1517701688965
17000251962,1517701634733
17000251962,1517701634873
17000270428,1517701675812
17000270428,1517701676649
17000270428,1517701678781
17000270428,1517701681561
17000270428,1517701686598
17000270428,1517701688426
17000271327,1517701672929
17000218370,2117b01669099
17000261429,1517701648459
17000240391,1517701683173
17000240391,1517701688108
17000240391,1517701671191
17000240391,1517701671183
17000240391,1517701671256
17000240391,1517701689970
17000240391,1517701688116
17000240391,1517701688094
17000240391,1517701688086
17000267575,1517701692245
17000266870,1517701678447
17000266870,1517701681367
17000266870,1517701681375
17000266870,1517701674794
17000266870,1517701674808
17000265246,1517701684170
17000244419,1817b01658673
17000244419,1517b01680840
17000252128,1517701668778
17000252128,1517701620210
17000252128,1517701687098
17000252128,1517701693713
17000252128,1517701692717
17000252128,1517701692504
17000252128,1517701691605
17000252128,1517701692440
17000252128,1517701692040
17000252128,1517701691419
17000252128,1517701691222
17000225830,1517701656931
17000225830,1517701699703
17000225830,1517701699690
17000225830,1517701699681
17000225830,1517701699673
17000225830,1517701699665
17000225830,1517701685680
17000225830,1517701685672
17000225830,1517701685664
17000225830,1517701685630
17000225830,1517701684382
17000225830,1517701693950
17000225830,1517701693926
17000225830,1317b01685644
17000225830,1017b01685653
17000244141,1517701685915
17000244141,1517701686903
17000244141,1517701686938
17000244141,1517701686920
17000244141,1517701686911
17000244141,1517701698812
17000244141,1517701698804
17000244141,1517701698790
17000244141,1517701698782
17000244141,1517701698774
17000244141,1517701698766
17000244141,1517701675065
17000244141,1517701675057
17000244141,1517701675049
17000244141,1517701675030
17000244141,1517701675022
17000244141,1517701675073
17000244141,1517701678285
17000244141,1517701678277
17000244141,1517701678269
17000244141,1517701678250
17000244141,1517701678242
17000244141,1517701678234
17000244141,1517701678226
17000244141,1517701679290
17000244141,1517701679320
17000244141,1517701679311
17000244141,1517701679303
17000244141,1517701657504
17000244141,1517701657598
17000244141,1517701682517
17000244141,1517701686520
17000244141,1517701686571
17000244141,1517701686563
17000244141,1517701686555
17000244141,1517701686547
17000244141,1517701686539
17000244141,1517b01680602
17000248570,1517701648289
17000272196,1517701702844
17000252373,1517701679540
17000252373,1517701681502
17000252373,1517701681499
17000252373,1517701681480
17000252373,1517701681472
17000252373,1517701686024
17000252373,1517701686016
17000252373,1517701686008
17000252373,1517701685990
17000252373,1517701686059
17000252373,1517701686040
17000252373,1517701686032
17000252373,1517701688817
17000252373,1517701688809
17000252373,1517701688795
17000252373,1517701688787
17000252373,1517701688779
17000252373,1517701688540
17000252373,1517701688531
17000252373,1517701696020
17000252373,1517701696003
17000252373,1517701695996
17000252373,1517701696011
17000252373,1517701700183
17000252373,1517701700175
17000252373,1517701700167
17000252373,1517701700159
17000252373,1517701700140
17000252373,1517701700132
17000252373,1517701700124
17000252373,1517701700116
17000252373,1517701700108
17000252373,1517701700094
17000252373,1517701700221
17000252373,1517701700213
17000252373,1517701700205
17000252373,1517701700191
17000252373,1517701701147
17000252373,1517701701040
17000252373,1517701701031
17000252373,1517701700809
17000252373,1517701700795
17000252373,1517701700787
17000252373,1517701700779
17000252373,1517701700760
17000252373,1517701700752
17000252373,1517701700744
17000252373,1517701700736
17000252373,1517701700728
17000252373,1517b01637952
17000267621,1517701686490
17000245806,1517701499330
17000265157,1517701660025
17000268784,1517701690560
17000268784,1517701716675
17000244494,1517701627737
17000244494,1517701632609
17000244494,1517701632510
17000244494,1517701638151
17000244494,1517701638160
17000244494,1517701638178
17000244494,1517701638186
17000244494,1517701638194
17000244494,1517701638437
17000244494,1517701638984
17000244494,1517701638992
17000244494,1517701643970
17000244494,1517701643988
17000244494,1517701643996
17000244494,1517701644330
17000244494,1517701644348
17000244494,1517701644356
17000244494,1517701644364
17000244494,1517701644372
17000244494,1517701644380
17000244494,1517701644399
17000244494,1517701645859
17000244494,1517701646057
17000244494,1517701646960
17000244494,1517701613078
17000244494,1517701648688
17000244494,1517701648696
17000244494,1517701648700
17000244494,1517701648718
17000244494,1517701650852
17000244494,1517701650860
17000244494,1517701650879
17000244494,1517701650887
17000244494,1517701650895
17000244494,1517701650909
17000244494,1517701650216
17000244494,1517701650224
17000244494,1517701650232
17000244494,1517701650240
17000244494,1517701650259
17000244494,1517701650267
17000244494,1517701650275
17000244494,1517701650283
17000244494,1517701650291
17000244494,1517701650305
17000244494,1517701650313
17000244494,1517701651140
17000244494,1517701653320
17000244494,1517701653339
17000244494,1517701653347
17000244494,1517701653355
17000244494,1517701653363
17000244494,1517701653371
17000244494,1517701654025
17000244494,1517701653940
17000244494,1517701654041
17000244494,1517701657040
17000244494,1517701657237
17000244494,1517701657652
17000244494,1517701670446
17000244494,1517701670454
17000244494,1517701670462
17000244494,1517701671655
17000244494,1517701667445
17000244494,1517701667461
17000244494,1517701657610
17000244494,1517701657636
17000244494,1517701657687
17000244494,1517701657660
17000244494,1517701645948
17000244494,1517701645891
17000244494,1517701645751
17000244494,1517702431046
17000244494,1517702431038
17000244494,1517702431020
17000244494,1517702431011
17000244494,1517702431534
17000244494,1517702431526
17000244494,1517702431518
17000244494,1517702431500
17000244494,1517702431496
17000244494,1517702431488
17000244494,1517702431470
17000244494,1517702431461
17000244494,1517702431453
17000244494,1517702431100
17000244494,1517702431097
17000244494,1517702431089
17000244494,1517702431070
17000244494,1517702431062
17000244494,1517702431054
17000244494,1317b01632532
17000250419,1517701540020
17000252438,1517701685923
17000252438,1517701685931
17000252438,1517701685940
17000252438,1517701685958
17000252438,1517701685966
17000252438,1517701685974
17000252438,1517701685982
17000252438,1517701701813
17000252438,1517701701864
17000252438,1517701704537
17000252438,1517701700639
17000252438,1517701700647
17000252438,1517701700655
17000252438,1517701700663
17000252438,1517701701805
17000252438,1517701700558
17000252438,1517701700566
17000252438,1517701700574
17000252438,1517701700582
17000252438,1517701700590
17000252438,1517701700604
17000252438,1517701700612
17000252438,1517701700620
17000252438,1517701700817
17000252438,1517701700825
17000252438,1517701700833
17000252438,1517701700841
17000264738,1517701652480
17000226364,1217b01657709
17000268962,1517701615577
17000243943,1517701703000
17000243943,1517701702992
17000243943,1517701702984
17000243943,1517701702976
17000243943,1517701702950
17000243943,1517701702968
17000243943,1517701552761
17000243943,1517701552770
17000243943,1517701664918
17000243943,1517701695430
17000243943,1517701694612
17000243943,1517701694604
17000243943,1517701694590
17000243943,1517701694574
17000243943,1517701694566
17000243943,1517701698952
17000243943,1517701701236
17000243943,1517701701228
17000243943,1517701701210
17000243943,1517701701562
17000243943,1517701701554
17000243943,1517701701538
17000243943,1517701701520
17000243943,1517701701430
17000243943,1517701701422
17000243943,1517701701414
17000243943,1517701701406
17000243943,1517701701392
17000243943,1517701701384
17000243943,1517701701651
17000243943,1517701701643
17000243943,1517701701635
17000243943,1517701701546
17000243943,1517701701937
17000243943,1517701701686
17000243943,1517701710766
17000243943,1517701710758
17000243943,1517701710740
17000243943,1517701710774
17000243943,1517701710731
17000243943,1517701709962
17000243943,1517701709954
17000243943,1517701709946
17000243943,1517701709938
17000243943,1517701709920
17000243943,1517701709911
17000243943,1517701711070
17000243943,1517701711061
17000243943,1517701711053
17000243943,1517701711045
17000243943,1517701710995
17000243943,1517701710979
17000243943,1517701711363
17000243943,1517701710987
17000243943,1517701711002
17000243943,1517701712041
17000243943,1517701714850
17000243943,1517701714842
17000243943,1517701714796
17000243943,1517701715318
17000228600,1517701711231
17000228600,1517701711223
17000228600,1517701711215
17000228600,1517701711207
17000228600,1517701716519
17000228600,1517701716535
17000228600,1517701718007
17000228600,1517701719330
17000228600,1517701719810
17000228600,1517701719828
17000228600,1517701719844
17000228600,1517701712351
17000228600,1517701711991
17000228600,1517701711983
17000228600,1517701711975
17000228600,1517701711967
17000228600,1517701711959
17000228600,1517701711940
17000228600,1517701717167
17000228600,1517701717159
17000228600,1517701717140
17000228600,1517701717175
17000228600,1517701717132
17000228600,1517701718015
17000228600,1517701717850
17000228600,1517701717841
17000228600,1517701717833
17000228600,1517701717825
17000228600,1517701717868
17000228600,1517701717914
17000228600,1517701717892
17000228600,1517701717884
17000228600,1517701717876
17000228600,1517701717906
17000228600,1517701719283
17000228600,1517701719313
17000228600,1517701719291
17000228600,1517701719305
17000228600,1517701719321
17000228600,1517701719348
17000228600,1517701719364
17000228600,1517701719453
17000228600,1517701719445
17000228600,1517701719437
17000228600,1517701719429
17000228600,1517701719399
17000228600,1517701719380
17000228600,1517701719372
17000228600,1517701719402
17000228600,1517701719410
17000228600,1517701719496
17000228600,1517701719607
17000228600,1517701719615
17000228600,1517b01719649
17000228600,1517b01719657
17000228600,1517b01719665
17000228600,1517b01719673
17000228600,1517b01719681
17000258550,1517701701902
17000258550,1517701701910
17000258550,1517701701929
17000258550,1517701701899
17000258550,1517701701872
17000258550,1517701701880
17000258550,1517701696879
17000258550,1517701696860
17000258550,1517701696852
17000258550,1517701696844
17000258550,1517701709130
17000258550,1517701709121
17000258550,1517701709113
17000258550,1517701709105
17000258550,1517701709091
17000258550,1517701709083
17000258550,1517701708788
17000258550,1517701708770
17000258550,1517b01699214
17000258550,1517b01699176
17000250761,1517701558620
17000253841,1517701701740
17000253841,1517701690366
17000253841,1517701690242
17000253841,1517701699150
17000253841,1517701699118
17000253841,1517701703549
17000253841,1517701703557
17000253841,1517701703565
17000253841,1517701703883
17000253841,1517701703867
17000253841,1517701703875
17000253841,1517701704804
17000253841,1517701704871
17000253841,1517701708044
17000253841,1517701708052
17000253841,1517701708060
17000253841,1517701708079
17000253841,1517701708087
17000253841,1517701708095
17000253841,1517701708109
17000253841,1517701708117
17000253841,1517701708125
17000253841,1517701708133
17000253841,1517701708699
17000253841,1517701716721
17000253841,1517701716713
17000253841,1517701700540
17000253841,1517701699134
17000253841,1517701700256
17000253841,1517b01712954
17000280962,1517701690650
17000258983,1517701559049
17000171721,1517701378982
17000171721,1517701378966
17000171721,1517701353564
17000171721,1517701353556
17000171721,1517701353548
17000171721,1517701353530
17000171721,1517701353521
17000171721,1517701353513
17000171721,1517701354420
17000171721,1517701354412
17000171721,1517701354404
17000171721,1517701354390
17000171721,1517701356946
17000171721,1517701357004
17000171721,1517701359570
17000171721,1517701359562
17000171721,1517701359511
17000171721,1517701359490
17000171721,1517701359503
17000171721,1517701359627
17000171721,1517701359554
17000171721,1517701359546
17000171721,1517701359538
17000171721,1517701359520
17000171721,1517701359619
17000171721,1517701359600
17000171721,1517701359589
17000171721,1517701359597
17000171721,1517701359775
17000171721,1517701359767
17000171721,1517701359759
17000171721,1517701359988
17000171721,1517701368456
17000171721,1517701387361
17000254244,1517701684714
17000254244,1517701715148
17000254244,1517701715130
17000267192,0417b01684690
